date,total
2017-07-01,2754722200
2017-07-02,496398043
2017-07-03,3613663988
2017-07-04,2884504687
2017-07-05,2729431284
2017-07-06,2779410880
2017-07-07,3154023733
2017-07-08,1089580126
2017-07-09,360282319
2017-07-10,3476252814
2017-07-11,3534978634
2017-07-12,2827840800
2017-07-13,2721586378
2017-07-14,3501070054
2017-07-15,2153242858
2017-07-16,426033574
2017-07-17,3359602767
2017-07-18,2900484847
2017-07-19,2967499381
2017-07-20,3499289883
2017-07-21,3684342552
2017-07-22,1004812943
2017-07-23,364681898
2017-07-24,3318053162
2017-07-25,3137991167
2017-07-26,3404261012
2017-07-27,3266408766
2017-07-28,3653098975
2017-07-29,926025776
2017-07-30,642434091
2017-07-31,18910094539
2017-08-01,5074818674
2017-08-02,2409449664
2017-08-03,2751646236
2017-08-04,2947296883
2017-08-05,966379961
2017-08-06,339110927
2017-08-07,2811773614
2017-08-08,2646075543
2017-08-09,2531284713
2017-08-10,2976853500
2017-08-11,2657531783
2017-08-12,871233290
2017-08-13,338306532
2017-08-14,2235270867
2017-08-15,1285517355
2017-08-16,2398096815
2017-08-17,2113203041
2017-08-18,2440415704
2017-08-19,912419058
2017-08-20,573058005
2017-08-21,2497569577
2017-08-22,2837657859
2017-08-23,2266200431
2017-08-24,2418639319
2017-08-25,2920288178
2017-08-26,788346945
2017-08-27,312846546
2017-08-28,3033093513
2017-08-29,3176756875
2017-08-30,3317608014
2017-08-31,18088484554
2017-09-01,4923449838
2017-09-02,766209379
2017-09-03,337343469
2017-09-04,2830714552
2017-09-05,2781534655
2017-09-06,2682301440
2017-09-07,2712547899
2017-09-08,2816665518
2017-09-09,863399280
2017-09-10,690236907
2017-09-11,2984821959
2017-09-12,2756358508
2017-09-13,2920470250
2017-09-14,2763040169
2017-09-15,4525843676
2017-09-16,956220190
2017-09-17,335579207
2017-09-18,3009641614
2017-09-19,3173411482
2017-09-20,3428075220
2017-09-21,2900911649
2017-09-22,3801430911
2017-09-23,873653302
2017-09-24,356993185
2017-09-25,3204331324
2017-09-26,3256370971
2017-09-27,3360059285
2017-09-28,3769273873
2017-09-29,6086791773
2017-09-30,15746136456
2017-10-01,2273954055
2017-10-02,3747942998
2017-10-03,2498022975
2017-10-04,2789524510
2017-10-05,3016739646
2017-10-06,3172803635
2017-10-07,902490970
2017-10-08,466532992
2017-10-09,2869615565
2017-10-10,3642978606
2017-10-11,3037075782
2017-10-12,552000829
2017-10-13,3151697304
2017-10-14,879842889
2017-10-15,1447420938
2017-10-16,3611190667
2017-10-17,2849395515
2017-10-18,3009340285
2017-10-19,2957402974
2017-10-20,4169028751
2017-10-21,904033727
2017-10-22,455380710
2017-10-23,3344577465
2017-10-24,2941561442
2017-10-25,3166065963
2017-10-26,3325460774
2017-10-27,3578789417
2017-10-28,912356121
2017-10-29,364908181
2017-10-30,4390963393
2017-10-31,19856866584
2017-11-01,2414523682
2017-11-02,3518600879
2017-11-03,3017307913
2017-11-04,1049315362
2017-11-05,355843906
2017-11-06,3159961751
2017-11-07,2821425166
2017-11-08,3191031743
2017-11-09,2191827740
2017-11-10,3905127177
2017-11-11,955772439
2017-11-12,313250648
2017-11-13,3584581293
2017-11-14,3016352801
2017-11-15,4796674171
2017-11-16,3215860171
2017-11-17,3511721998
2017-11-18,853108443
2017-11-19,400432208
2017-11-20,4234191253
2017-11-21,3025295044
2017-11-22,3291541341
2017-11-23,3171673515
2017-11-24,3657070744
2017-11-25,1253929476
2017-11-26,441907207
2017-11-27,3762343835
2017-11-28,3662585883
2017-11-29,3605664999
2017-11-30,21380246072
2017-12-01,5655013206
2017-12-02,988308608
2017-12-03,321880616
2017-12-04,3533314980
2017-12-05,3786939362
2017-12-06,598201815
2017-12-07,3073159995
2017-12-08,957874704
2017-12-09,918389768
2017-12-10,597386323
2017-12-11,3841971929
2017-12-12,3554574777
2017-12-13,3793889521
2017-12-14,3625232806
2017-12-15,5876609772
2017-12-16,1112290756
2017-12-17,405579733
2017-12-18,4896241021
2017-12-19,4246874731
2017-12-20,4859309721
2017-12-21,4334397584
2017-12-22,4444646957
2017-12-23,1275383149
2017-12-24,583337717
2017-12-25,313499169
2017-12-26,2902926945
2017-12-27,3605529760
2017-12-28,4189839716
2017-12-29,6099633464
2017-12-30,2612575535
2017-12-31,15116807475
2018-01-01,2183265225
2018-01-02,3103401174
2018-01-03,2568241402
2018-01-04,2607504089
2018-01-05,2751088412
2018-01-06,272985519
2018-01-07,489789531
2018-01-08,2996745305
2018-01-09,2694569902
2018-01-10,3522886085
2018-01-11,2864298615
2018-01-12,3293634882
2018-01-13,934472393
2018-01-14,309626275
2018-01-15,4678315214
2018-01-16,2887878967
2018-01-17,2968608633
2018-01-18,2703639577
2018-01-19,3304303348
2018-01-20,1291202778
2018-01-21,311237684
2018-01-22,3647819242
2018-01-23,3076197434
2018-01-24,2746462127
2018-01-25,3374638898
2018-01-26,3214956464
2018-01-27,849856564
2018-01-28,314950926
2018-01-29,3788754258
2018-01-30,4028405219
2018-01-31,19886654199
2018-02-01,4773113159
2018-02-02,2823883633
2018-02-03,848857018
2018-02-04,474410331
2018-02-05,3002590032
2018-02-06,2882137650
2018-02-07,2885496293
2018-02-08,2988798976
2018-02-09,3653836203
2018-02-10,1325303728
2018-02-11,279717070
2018-02-12,3319555707
2018-02-13,2907674373
2018-02-14,3044554164
2018-02-15,4965883415
2018-02-16,3396752933
2018-02-17,826759073
2018-02-18,307004554
2018-02-19,3298358181
2018-02-20,3681291755
2018-02-21,3197227145
2018-02-22,3505811949
2018-02-23,3498661962
2018-02-24,899175002
2018-02-25,459854944
2018-02-26,3821823636
2018-02-27,4197465467
2018-02-28,18747179575
2018-03-01,4850500937
2018-03-02,2950563671
2018-03-03,857212975
2018-03-04,451599719
2018-03-05,3045871028
2018-03-06,2863377565
2018-03-07,2809346182
2018-03-08,2957819707
2018-03-09,3682593091
2018-03-10,1348813982
2018-03-11,306238446
2018-03-12,3478489662
2018-03-13,2959331206
2018-03-14,3284786624
2018-03-15,5097367569
2018-03-16,3441464937
2018-03-17,895783774
2018-03-18,314603302
2018-03-19,3221780584
2018-03-20,3864861034
2018-03-21,3284697080
2018-03-22,3977320374
2018-03-23,3964999228
2018-03-24,972060297
2018-03-25,455421267
2018-03-26,4048775569
2018-03-27,3851922489
2018-03-28,4951214521
2018-03-29,2293698245
2018-03-30,1107250156
2018-03-31,15988133239
2018-04-01,2084658282
2018-04-02,2380130179
2018-04-03,2920203909
2018-04-04,2860611592
2018-04-05,2915147478
2018-04-06,3399280700
2018-04-07,970974370
2018-04-08,438265247
2018-04-09,3141425565
2018-04-10,3560409122
2018-04-11,3234495120
2018-04-12,3159707941
2018-04-13,3741470890
2018-04-14,977305524
2018-04-15,1605399438
2018-04-16,3897721566
2018-04-17,3259339567
2018-04-18,2893032680
2018-04-19,3167205087
2018-04-20,4290470524
2018-04-21,936125077
2018-04-22,434668830
2018-04-23,3150490625
2018-04-24,3423816324
2018-04-25,3860577375
2018-04-26,3588903250
2018-04-27,4396213778
2018-04-28,1003135319
2018-04-29,381879409
2018-04-30,20401049289
2018-05-01,1981896623
2018-05-02,2577231698
2018-05-03,3134146792
2018-05-04,3481455728
2018-05-05,1106786436
2018-05-06,357271403
2018-05-07,3530140819
2018-05-08,3207979696
2018-05-09,3122661504
2018-05-10,3704787891
2018-05-11,3642277271
2018-05-12,962504326
2018-05-13,361060587
2018-05-14,3527158938
2018-05-15,4156936761
2018-05-16,3470114941
2018-05-17,3301269522
2018-05-18,4696357365
2018-05-19,1050091161
2018-05-20,717638151
2018-05-21,3413173931
2018-05-22,3557366464
2018-05-23,3137600080
2018-05-24,3089887994
2018-05-25,3911327705
2018-05-26,956175718
2018-05-27,350531270
2018-05-28,3783065814
2018-05-29,3731284430
2018-05-30,4150341916
2018-05-31,21536717630
2018-06-01,5274832200
2018-06-02,908161461
2018-06-03,413810300
2018-06-04,3362075671
2018-06-05,3235191883
2018-06-06,3049607977
2018-06-07,3205868954
2018-06-08,3466288215
2018-06-09,967265049
2018-06-10,759552315
2018-06-11,3650657427
2018-06-12,3296245137
2018-06-13,3438847374
2018-06-14,3289774737
2018-06-15,5232639912
2018-06-16,1014644930
2018-06-17,334651876
2018-06-18,3907094342
2018-06-19,3500253513
2018-06-20,3935428580
2018-06-21,3780533106
2018-06-22,4098936987
2018-06-23,983802878
2018-06-24,373204992
2018-06-25,4016275108
2018-06-26,4054538018
2018-06-27,3737777422
2018-06-28,4313568500
2018-06-29,6152506542
2018-06-30,17816031974
2018-07-01,2193968138
2018-07-02,3927942917
2018-07-03,3056244397
2018-07-04,3201650013
2018-07-05,3994861431
2018-07-06,3463225657
2018-07-07,1050349185
2018-07-08,497040276
2018-07-09,3520571753
2018-07-10,4173817457
2018-07-11,3078449127
2018-07-12,3524214126
2018-07-13,3942271243
2018-07-14,1021643919
2018-07-15,1866555517
2018-07-16,3531754368
2018-07-17,3345603583
2018-07-18,3025269668
2018-07-19,3325144487
2018-07-20,4581081692
2018-07-21,996786614
2018-07-22,477254359
2018-07-23,3663623167
2018-07-24,3277513834
2018-07-25,3407648030
2018-07-26,3499254047
2018-07-27,3921682907
2018-07-28,991925557
2018-07-29,352543664
2018-07-30,5036949943
2018-07-31,20986916214
2018-08-01,5216425667
2018-08-02,3004466181
2018-08-03,2966896302
2018-08-04,1109813448
2018-08-05,504752226
2018-08-06,3055349644
2018-08-07,2859608811
2018-08-08,2715960077
2018-08-09,3257487182
2018-08-10,3713496211
2018-08-11,890522249
2018-08-12,397274009
2018-08-13,2849596206
2018-08-14,2693916186
2018-08-15,1374410859
2018-08-16,2577319740
2018-08-17,2800731594
2018-08-18,811214053
2018-08-19,451766730
2018-08-20,3227767639
2018-08-21,2637193581
2018-08-22,2851499967
2018-08-23,2769730517
2018-08-24,2704188140
2018-08-25,981789153
2018-08-26,414237594
2018-08-27,3165634582
2018-08-28,3224593471
2018-08-29,3417601741
2018-08-30,3684549232
2018-08-31,19548806872
2018-09-01,2501187812
2018-09-02,385341308
2018-09-03,3373397475
2018-09-04,3077882170
2018-09-05,2800464529
2018-09-06,3034923228
2018-09-07,3381983674
2018-09-08,1006844961
2018-09-09,382170150
2018-09-10,3677554664
2018-09-11,2768381753
2018-09-12,3153175816
2018-09-13,3234462754
2018-09-14,3535152663
2018-09-15,2065132163
2018-09-16,430825339
2018-09-17,3948584431
2018-09-18,3273863555
2018-09-19,3443414564
2018-09-20,3874629213
2018-09-21,3882986591
2018-09-22,976603174
2018-09-23,406749848
2018-09-24,3447187806
2018-09-25,3692204981
2018-09-26,3945520639
2018-09-27,4188602890
2018-09-28,6715280257
2018-09-29,1538647673
2018-09-30,15899342872
2018-10-01,5634086183
2018-10-02,3001239601
2018-10-03,2912634070
2018-10-04,3179052687
2018-10-05,3778911170
2018-10-06,1053335800
2018-10-07,534491919
2018-10-08,3860978526
2018-10-09,3182964900
2018-10-10,3786171092
2018-10-11,3705778151
2018-10-12,730858800
2018-10-13,1000192096
2018-10-14,415750858
2018-10-15,5310084656
2018-10-16,3714674112
2018-10-17,3108799145
2018-10-18,3021733533
2018-10-19,3451415984
2018-10-20,1696635167
2018-10-21,411025218
2018-10-22,4465155286
2018-10-23,3246890898
2018-10-24,3146901527
2018-10-25,3915956531
2018-10-26,3836886401
2018-10-27,1027966460
2018-10-28,385091079
2018-10-29,4048691144
2018-10-30,4471237057
2018-10-31,22257679213
2018-11-01,2342958528
2018-11-02,3052486727
2018-11-03,898771598
2018-11-04,545967588
2018-11-05,3636584858
2018-11-06,3365283879
2018-11-07,3311743293
2018-11-08,3344513057
2018-11-09,2878285582
2018-11-10,1387189003
2018-11-11,409938934
2018-11-12,3699345456
2018-11-13,3412110317
2018-11-14,3205984447
2018-11-15,5028357175
2018-11-16,3787709155
2018-11-17,928107212
2018-11-18,352298320
2018-11-19,4030786310
2018-11-20,3926736935
2018-11-21,3145068757
2018-11-22,3913521716
2018-11-23,3764385419
2018-11-24,1172389601
2018-11-25,695278668
2018-11-26,4790665049
2018-11-27,3580167035
2018-11-28,3676707377
2018-11-29,4111454900
2018-11-30,22302329604
2018-12-01,2601952654
2018-12-02,521049837
2018-12-03,4578934845
2018-12-04,3485301993
2018-12-05,3668768603
2018-12-06,745501971
2018-12-07,3030428574
2018-12-08,824252454
2018-12-09,428966316
2018-12-10,4486243935
2018-12-11,3694698587
2018-12-12,4377224330
2018-12-13,4114883847
2018-12-14,4737914839
2018-12-15,2485038770
2018-12-16,527506760
2018-12-17,5369414817
2018-12-18,4863208564
2018-12-19,4922127596
2018-12-20,6326769241
2018-12-21,4891398955
2018-12-22,1324778294
2018-12-23,671188745
2018-12-24,2115802497
2018-12-25,363611813
2018-12-26,3525661655
2018-12-27,4738588394
2018-12-28,5269213247
2018-12-29,1160588919
2018-12-30,1121204809
2018-12-31,19821570830
2019-01-01,2152312016
2019-01-02,3417510482
2019-01-03,2819494601
2019-01-04,2874762226
2019-01-05,1076108941
2019-01-06,249201059
2019-01-07,1946743667
2019-01-08,3363474856
2019-01-09,3028303509
2019-01-10,3944429361
2019-01-11,3340475135
2019-01-12,1005588770
2019-01-13,453905181
2019-01-14,3571825500
2019-01-15,4182985642
2019-01-16,3010835128
2019-01-17,2957736039
2019-01-18,3692998774
2019-01-19,1055847004
2019-01-20,737563755
2019-01-21,3977031626
2019-01-22,3562896114
2019-01-23,2977991743
2019-01-24,2987209640
2019-01-25,3570960333
2019-01-26,908449504
2019-01-27,357466417
2019-01-28,3532469276
2019-01-29,3395265457
2019-01-30,3902872373
2019-01-31,21408183158
2019-02-01,4882445107
2019-02-02,875096066
2019-02-03,331544349
2019-02-04,3265019264
2019-02-05,2985912208
2019-02-06,3124921436
2019-02-07,3128161296
2019-02-08,3405418604
2019-02-09,957608092
2019-02-10,789440438
2019-02-11,3756203416
2019-02-12,3199427589
2019-02-13,3102008456
2019-02-14,3118655777
2019-02-15,5093051421
2019-02-16,959043218
2019-02-17,393827538
2019-02-18,3756689035
2019-02-19,3249675350
2019-02-20,3684869904
2019-02-21,3246252422
2019-02-22,3932533312
2019-02-23,861965099
2019-02-24,394475191
2019-02-25,4103187236
2019-02-26,3857222061
2019-02-27,4306978428
2019-02-28,20074203366
2019-03-01,4811464718
2019-03-02,892930562
2019-03-03,335455520
2019-03-04,3197753756
2019-03-05,3222252812
2019-03-06,2928346175
2019-03-07,3415630229
2019-03-08,3462218465
2019-03-09,904505340
2019-03-10,768447095
2019-03-11,3826419960
2019-03-12,3233573041
2019-03-13,3236193293
2019-03-14,3182355191
2019-03-15,5475013809
2019-03-16,946405052
2019-03-17,371154472
2019-03-18,3609801170
2019-03-19,3000759765
2019-03-20,3995666596
2019-03-21,3196883875
2019-03-22,3940732090
2019-03-23,893839229
2019-03-24,367214944
2019-03-25,4210198258
2019-03-26,3672702383
2019-03-27,3974842670
2019-03-28,4182526337
2019-03-29,6387928415
2019-03-30,1991003724
2019-03-31,15409303344
2019-04-01,5230243717
2019-04-02,2884034467
2019-04-03,2808539890
2019-04-04,3189577570
2019-04-05,3612241564
2019-04-06,1026967915
2019-04-07,413245347
2019-04-08,3654141469
2019-04-09,3730476779
2019-04-10,3855152086
2019-04-11,3199305860
2019-04-12,3983248238
2019-04-13,1092820926
2019-04-14,427437595
2019-04-15,5551079074
2019-04-16,3731848149
2019-04-17,3169250659
2019-04-18,1340939079
2019-04-19,616962084
2019-04-20,1243649196
2019-04-21,415977023
2019-04-22,2577072596
2019-04-23,3290826942
2019-04-24,3788985770
2019-04-25,3889520335
2019-04-26,4405571878
2019-04-27,960762491
2019-04-28,473421081
2019-04-29,4124403742
2019-04-30,21646782893
2019-05-01,1870006434
2019-05-02,2711238645
2019-05-03,3261496573
2019-05-04,1193946418
2019-05-05,459679280
2019-05-06,3208546489
2019-05-07,3192282575
2019-05-08,3579391534
2019-05-09,3095370418
2019-05-10,4099618285
2019-05-11,996564821
2019-05-12,469739452
2019-05-13,3693956043
2019-05-14,3286213875
2019-05-15,4355880453
2019-05-16,3449359089
2019-05-17,3785197134
2019-05-18,954528673
2019-05-19,456094506
2019-05-20,4053657915
2019-05-21,3400157090
2019-05-22,3705667720
2019-05-23,3208879855
2019-05-24,3669660126
2019-05-25,1174841114
2019-05-26,459775543
2019-05-27,3944195029
2019-05-28,3597167391
2019-05-29,3706265513
2019-05-30,4477846818
2019-05-31,22048806071
2019-06-01,2493601327
2019-06-02,435879604
2019-06-03,3754733503
2019-06-04,3235037776
2019-06-05,3795232672
2019-06-06,3490215773
2019-06-07,3553488253
2019-06-08,1124773943
2019-06-09,385518668
2019-06-10,3662025261
2019-06-11,3237192786
2019-06-12,3521277732
2019-06-13,4187483337
2019-06-14,4133962302
2019-06-15,2456302695
2019-06-16,526662660
2019-06-17,3942374120
2019-06-18,3354833746
2019-06-19,3612956162
2019-06-20,4369840961
2019-06-21,4309860034
2019-06-22,1148812391
2019-06-23,474614267
2019-06-24,2694303899
2019-06-25,4031180007
2019-06-26,4353174159
2019-06-27,4535245157
2019-06-28,6604388536
2019-06-29,1681405382
2019-06-30,16485847781
2019-07-01,5836720447
2019-07-02,2991234939
2019-07-03,2958165251
2019-07-04,3860661010
2019-07-05,3929413108
2019-07-06,1082730940
2019-07-07,564981049
2019-07-08,3656140237
2019-07-09,3506696547
2019-07-10,3771298986
2019-07-11,3248331792
2019-07-12,3998141237
2019-07-13,1115769814
2019-07-14,497716781
2019-07-15,5349685518
2019-07-16,3415185844
2019-07-17,3221477008
2019-07-18,3265733678
2019-07-19,3602029569
2019-07-20,1507431035
2019-07-21,519361380
2019-07-22,4246341745
2019-07-23,3363770108
2019-07-24,3373467049
2019-07-25,3785889639
2019-07-26,4159088270
2019-07-27,995062638
2019-07-28,550129919
2019-07-29,4074496070
2019-07-30,4296200417
2019-07-31,21736440250
2019-08-01,5593912870
2019-08-02,2994118891
2019-08-03,925526313
2019-08-04,642175022
2019-08-05,3114042752
2019-08-06,2922264641
2019-08-07,3106358579
2019-08-08,2912094590
2019-08-09,3146406983
2019-08-10,1349800022
2019-08-11,461006534
2019-08-12,3001344160
2019-08-13,2661369327
2019-08-14,2955402048
2019-08-15,1416515791
2019-08-16,2396412342
2019-08-17,824075541
2019-08-18,409513617
2019-08-19,3093962797
2019-08-20,3022308025
2019-08-21,2502266605
2019-08-22,2565324156
2019-08-23,3096009460
2019-08-24,821343853
2019-08-25,579479729
2019-08-26,3223447063
2019-08-27,3037655746
2019-08-28,3402915437
2019-08-29,3450307696
2019-08-30,6177951322
2019-08-31,15189586625
2019-09-01,2090390720
2019-09-02,3415729893
2019-09-03,2837897986
2019-09-04,3001017816
2019-09-05,3342869525
2019-09-06,3489866054
2019-09-07,957056358
2019-09-08,523383559
2019-09-09,3149464914
2019-09-10,3667041492
2019-09-11,2480975880
2019-09-12,3232268746
2019-09-13,3536124988
2019-09-14,997286082
2019-09-15,1647246134
2019-09-16,3655857348
2019-09-17,3137733478
2019-09-18,3176634338
2019-09-19,3224170168
2019-09-20,4684059446
2019-09-21,956739758
2019-09-22,494379870
2019-09-23,3450691723
2019-09-24,3036474361
2019-09-25,3863653320
2019-09-26,4057814533
2019-09-27,4550653789
2019-09-28,1069006617
2019-09-29,514451252
2019-09-30,22205523159
2019-10-01,5248487640
2019-10-02,2799019599
2019-10-03,2814513392
2019-10-04,3455222111
2019-10-05,1066435500
2019-10-06,431545204
2019-10-07,3563571941
2019-10-08,3210779246
2019-10-09,2872387792
2019-10-10,4331856890
2019-10-11,3320143097
2019-10-12,729929474
2019-10-13,523060501
2019-10-14,3819585752
2019-10-15,4808122378
2019-10-16,3203555676
2019-10-17,3287887491
2019-10-18,3385754525
2019-10-19,1131859275
2019-10-20,780237552
2019-10-21,3615789607
2019-10-22,3725474086
2019-10-23,3060656838
2019-10-24,3175453263
2019-10-25,4006864523
2019-10-26,974609981
2019-10-27,428249273
2019-10-28,3817292461
2019-10-29,3921254698
2019-10-30,4278459339
2019-10-31,21842541023
2019-11-01,2224517832
2019-11-02,885774018
2019-11-03,398343446
2019-11-04,3761213034
2019-11-05,3265615017
2019-11-06,2981745307
2019-11-07,3631247744
2019-11-08,3918900917
2019-11-09,978791022
2019-11-10,748488840
2019-11-11,3568628265
2019-11-12,3407817062
2019-11-13,3215991609
2019-11-14,3490221260
2019-11-15,5272519240
2019-11-16,1002849053
2019-11-17,345302889
2019-11-18,3870809662
2019-11-19,3388789791
2019-11-20,3859121339
2019-11-21,3507204064
2019-11-22,4074993013
2019-11-23,951344893
2019-11-24,369353987
2019-11-25,3991304785
2019-11-26,4200865904
2019-11-27,3838300724
2019-11-28,4128905007
2019-11-29,6705401315
2019-11-30,16833082954
2019-12-01,2010289479
2019-12-02,4123180902
2019-12-03,3266766605
2019-12-04,3632005168
2019-12-05,4136494581
2019-12-06,846682914
2019-12-07,1043915455
2019-12-08,524743458
2019-12-09,2309048338
2019-12-10,4618659763
2019-12-11,4406524002
2019-12-12,4066571567
2019-12-13,4517849265
2019-12-14,1127971215
2019-12-15,1856484525
2019-12-16,5357017488
2019-12-17,4389948288
2019-12-18,4414957512
2019-12-19,5236484754
2019-12-20,5964609788
2019-12-21,1217867742
2019-12-22,694028656
2019-12-23,4341972760
2019-12-24,2116062802
2019-12-25,332906589
2019-12-26,3106359579
2019-12-27,4340562151
2019-12-28,1099885982
2019-12-29,543691877
2019-12-30,6144506028
2019-12-31,19574109663
2020-01-01,1876531580
2020-01-02,3124033772
2020-01-03,2704046001
2020-01-04,1322360662
2020-01-05,577861252
2020-01-06,361188506
2020-01-07,3111658499
2020-01-08,2945432199
2020-01-09,2909282110
2020-01-10,3820532738
2020-01-11,1071537137
2020-01-12,454656715
2020-01-13,3557103995
2020-01-14,3679811689
2020-01-15,4641078582
2020-01-16,3092761587
2020-01-17,3448862056
2020-01-18,933156822
2020-01-19,440997892
2020-01-20,3959370433
2020-01-21,3137890160
2020-01-22,3346942969
2020-01-23,2996102162
2020-01-24,3521282046
2020-01-25,1112249621
2020-01-26,418257516
2020-01-27,3863266327
2020-01-28,3255094668
2020-01-29,3259745905
2020-01-30,3903368531
2020-01-31,21359962954
2020-02-01,2337050512
2020-02-02,335466754
2020-02-03,3226920736
2020-02-04,3040163090
2020-02-05,2846402571
2020-02-06,2925323250
2020-02-07,3347752129
2020-02-08,1084770215
2020-02-09,355495620
2020-02-10,3695691839
2020-02-11,3167896969
2020-02-12,3176476367
2020-02-13,3254420037
2020-02-14,3796348144
2020-02-15,2303935793
2020-02-16,408265946
2020-02-17,3517579270
2020-02-18,3410440403
2020-02-19,3522901511
2020-02-20,3813558518
2020-02-21,3952162055
2020-02-22,977404520
2020-02-23,375294213
2020-02-24,3515724814
2020-02-25,3996655488
2020-02-26,3592140347
2020-02-27,4023155301
2020-02-28,6336351577
2020-02-29,15049066658
2020-03-01,1836302812
2020-03-02,3258879343
2020-03-03,2925016407
2020-03-04,3159849605
2020-03-05,3093990108
2020-03-06,3478780204
2020-03-07,999538986
2020-03-08,469533122
2020-03-09,3357225927
2020-03-10,4014237001
2020-03-11,3171699590
2020-03-12,3705288434
2020-03-13,4014167811
2020-03-14,992861394
2020-03-15,1495428199
2020-03-16,3301614256
2020-03-17,2681891099
2020-03-18,2849267626
2020-03-19,2632302868
2020-03-20,3451911680
2020-03-21,660410251
2020-03-22,308736577
2020-03-23,3328441186
2020-03-24,2437936111
2020-03-25,2793165408
2020-03-26,2433488775
2020-03-27,2776075504
2020-03-28,673124237
2020-03-29,367887950
2020-03-30,3279681904
2020-03-31,16891294732
2020-04-01,3759638492
2020-04-02,1810931106
2020-04-03,2094713678
2020-04-04,759860435
2020-04-05,266525150
2020-04-06,2196481826
2020-04-07,2183466822
2020-04-08,2174989626
2020-04-09,996396852
2020-04-10,657552641
2020-04-11,603194011
2020-04-12,230806748
2020-04-13,1802105128
2020-04-14,2376987035
2020-04-15,3295383920
2020-04-16,2259871668
2020-04-17,2533003818
2020-04-18,558959131
2020-04-19,326114719
2020-04-20,2842718280
2020-04-21,2372456413
2020-04-22,2461902124
2020-04-23,2424844021
2020-04-24,2345118491
2020-04-25,724491816
2020-04-26,265061588
2020-04-27,2713771991
2020-04-28,2391736953
2020-04-29,2503085481
2020-04-30,14319681086
2020-05-01,1507854415
2020-05-02,604917656
2020-05-03,281848469
2020-05-04,2632651744
2020-05-05,2198341322
2020-05-06,2107210415
2020-05-07,2603253373
2020-05-08,2534164969
2020-05-09,670876318
2020-05-10,558753459
2020-05-11,2439197837
2020-05-12,2363961046
2020-05-13,2251161410
2020-05-14,2371013372
2020-05-15,3278074092
2020-05-16,666375003
2020-05-17,229550301
2020-05-18,2633414156
2020-05-19,2656874006
2020-05-20,2960867792
2020-05-21,2722181806
2020-05-22,3021477928
2020-05-23,697370194
2020-05-24,244614768
2020-05-25,3130118483
2020-05-26,2667355205
2020-05-27,2640506927
2020-05-28,3071404474
2020-05-29,4886998993
2020-05-30,1736091770
2020-05-31,11252902862
2020-06-01,4127626672
2020-06-02,2426312554
2020-06-03,2398448335
2020-06-04,2738328543
2020-06-05,3026987645
2020-06-06,868288172
2020-06-07,291443046
2020-06-08,2991796383
2020-06-09,2857491576
2020-06-10,3489291341
2020-06-11,2612327528
2020-06-12,3434143756
2020-06-13,871019931
2020-06-14,295748457
2020-06-15,4419413073
2020-06-16,2914594392
2020-06-17,3165323639
2020-06-18,2814373287
2020-06-19,3225716803
2020-06-20,1280847005
2020-06-21,349672424
2020-06-22,3589102889
2020-06-23,3036817236
2020-06-24,2220991698
2020-06-25,3579653690
2020-06-26,3906212227
2020-06-27,910797280
2020-06-28,502825625
2020-06-29,3960363288
2020-06-30,19818839503
2020-07-01,5050119403
2020-07-02,2643883746
2020-07-03,3086991462
2020-07-04,1090141071
2020-07-05,445694325
2020-07-06,3349441131
2020-07-07,3475918822
2020-07-08,3033878143
2020-07-09,3144309645
2020-07-10,3805644588
2020-07-11,894148392
2020-07-12,374003787
2020-07-13,3533500784
2020-07-14,3000431831
2020-07-15,4555060648
2020-07-16,3016491356
2020-07-17,3318888072
2020-07-18,889041243
2020-07-19,454506672
2020-07-20,3790102417
2020-07-21,2960054684
2020-07-22,3189690693
2020-07-23,2939370630
2020-07-24,3695749263
2020-07-25,1058955530
2020-07-26,396179055
2020-07-27,3846760620
2020-07-28,3285595242
2020-07-29,3469611894
2020-07-30,3949707385
2020-07-31,19124541005
2020-08-01,2582647910
2020-08-02,470143372
2020-08-03,3143244237
2020-08-04,2834270843
2020-08-05,2740515391
2020-08-06,2635680298
2020-08-07,3139384878
2020-08-08,977100339
2020-08-09,337265419
2020-08-10,3487754833
2020-08-11,2584374544
2020-08-12,2443090719
2020-08-13,2285847903
2020-08-14,2686082440
2020-08-15,1430334914
2020-08-16,371104455
2020-08-17,2565474894
2020-08-18,2200049122
2020-08-19,2354423315
2020-08-20,2958711864
2020-08-21,2838665282
2020-08-22,836817924
2020-08-23,346216164
2020-08-24,2881147909
2020-08-25,2770619100
2020-08-26,2660930860
2020-08-27,2993536946
2020-08-28,3264071895
2020-08-29,947822329
2020-08-30,634445902
2020-08-31,17960981550
2020-09-01,4272751984
2020-09-02,2546502170
2020-09-03,2974611168
2020-09-04,3116182961
2020-09-05,1022912485
2020-09-06,361153549
2020-09-07,3077629311
2020-09-08,2780124873
2020-09-09,2734244085
2020-09-10,3845549061
2020-09-11,2557848046
2020-09-12,944580604
2020-09-13,415659091
2020-09-14,3155436526
2020-09-15,4633766911
2020-09-16,2935231727
2020-09-17,3004012552
2020-09-18,3396007959
2020-09-19,967813498
2020-09-20,727133953
2020-09-21,3340149473
2020-09-22,3336536049
2020-09-23,3053906358
2020-09-24,3039514955
2020-09-25,4276704717
2020-09-26,952506587
2020-09-27,376951190
2020-09-28,3889891838
2020-09-29,3758398544
2020-09-30,20579160655
2020-10-01,4935366919
2020-10-02,2771603970
2020-10-03,907437096
2020-10-04,500583486
2020-10-05,3481038670
2020-10-06,2798718361
2020-10-07,2995819148
2020-10-08,3319312735
2020-10-09,3291120112
2020-10-10,1412812267
2020-10-11,324316857
2020-10-12,643818595
2020-10-13,3628423274
2020-10-14,3313841756
2020-10-15,4619854505
2020-10-16,3488418158
2020-10-17,893888529
2020-10-18,328542730
2020-10-19,3463840651
2020-10-20,3500569411
2020-10-21,3119658102
2020-10-22,3464311513
2020-10-23,3472917943
2020-10-24,897523490
2020-10-25,548734696
2020-10-26,3831340801
2020-10-27,3208149147
2020-10-28,3444040138
2020-10-29,3802232999
2020-10-30,6403254047
2020-10-31,14661408174
2020-11-01,1731650580
2020-11-02,1883598262
2020-11-03,2983116744
2020-11-04,3106824225
2020-11-05,3135107811
2020-11-06,3298194550
2020-11-07,915656510
2020-11-08,403476092
2020-11-09,2611575417
2020-11-10,3760994249
2020-11-11,2922335995
2020-11-12,3222529345
2020-11-13,3622156358
2020-11-14,999389133
2020-11-15,1604771759
2020-11-16,3489583566
2020-11-17,3273169680
2020-11-18,2906729205
2020-11-19,3171578277
2020-11-20,4335165269
2020-11-21,908773862
2020-11-22,396341116
2020-11-23,3752441888
2020-11-24,3416731934
2020-11-25,3595454188
2020-11-26,3771116465
2020-11-27,4074335925
2020-11-28,1118402690
2020-11-29,558825789
2020-11-30,20575339015
2020-12-01,5077526028
2020-12-02,3328835843
2020-12-03,3119876286
2020-12-04,4063307733
2020-12-05,1146691372
2020-12-06,381102042
2020-12-07,1874879717
2020-12-08,776177066
2020-12-09,3861585671
2020-12-10,5022171571
2020-12-11,3991915071
2020-12-12,1166766355
2020-12-13,477576869
2020-12-14,4277222393
2020-12-15,6486021812
2020-12-16,4142582550
2020-12-17,4042153137
2020-12-18,4673136430
2020-12-19,1289259058
2020-12-20,910706234
2020-12-21,4807729791
2020-12-22,4997706648
2020-12-23,4613464391
2020-12-24,2256351404
2020-12-25,363039387
2020-12-26,760191424
2020-12-27,480994094
2020-12-28,4351598614
2020-12-29,4264641758
2020-12-30,5151420990
2020-12-31,18587040152
2021-01-01,1928929971
2021-01-02,931277632
2021-01-03,619043778
2021-01-04,3342086326
2021-01-05,2835698448
2021-01-06,353336552
2021-01-07,2626117338
2021-01-08,2922890693
2021-01-09,788853138
2021-01-10,557787140
2021-01-11,2923476429
2021-01-12,2687017188
2021-01-13,2727596067
2021-01-14,3251639947
2021-01-15,4854181264
2021-01-16,1000164136
2021-01-17,358940791
2021-01-18,3671564075
2021-01-19,3249058498
2021-01-20,3578047130
2021-01-21,3237206892
2021-01-22,3844275285
2021-01-23,888508223
2021-01-24,324589549
2021-01-25,3955861807
2021-01-26,3146160952
2021-01-27,3347391532
2021-01-28,3526384435
2021-01-29,5645888764
2021-01-30,1732181419
2021-01-31,13620462871
2021-02-01,4366962685
2021-02-02,2447805407
2021-02-03,2525485769
2021-02-04,2783397119
2021-02-05,3133028282
2021-02-06,857953979
2021-02-07,334053955
2021-02-08,3155660230
2021-02-09,2953757763
2021-02-10,3338735959
2021-02-11,3059733673
2021-02-12,3439760281
2021-02-13,912138521
2021-02-14,357120482
2021-02-15,4926993612
2021-02-16,3240179590
2021-02-17,3086185196
2021-02-18,2871227432
2021-02-19,3460079875
2021-02-20,1259246538
2021-02-21,348580742
2021-02-22,3675097169
2021-02-23,3194730976
2021-02-24,3361383918
2021-02-25,4321503718
2021-02-26,5925054907
2021-02-27,1332509302
2021-02-28,14042598100
2021-03-01,4082120188
2021-03-02,2779379013
2021-03-03,2678951191
2021-03-04,3016455786
2021-03-05,3745310649
2021-03-06,1005594818
2021-03-07,358895953
2021-03-08,3421946759
2021-03-09,3216479202
2021-03-10,3429996865
2021-03-11,3144635841
2021-03-12,3494729634
2021-03-13,960054725
2021-03-14,360192342
2021-03-15,5152448632
2021-03-16,3179079114
2021-03-17,3356072844
2021-03-18,3273356645
2021-03-19,2162888463
2021-03-20,1334758122
2021-03-21,358356966
2021-03-22,3673481406
2021-03-23,3675496197
2021-03-24,3410128274
2021-03-25,3816731994
2021-03-26,3828037784
2021-03-27,1051318371
2021-03-28,434054875
2021-03-29,3897305252
2021-03-30,4653815239
2021-03-31,21261824924
2021-04-01,3262330028
2021-04-02,443403437
2021-04-03,838564270
2021-04-04,474954240
2021-04-05,2369804655
2021-04-06,2856345963
2021-04-07,3050361682
2021-04-08,3184133288
2021-04-09,3536652004
2021-04-10,1402396108
2021-04-11,365447000
2021-04-12,3374734764
2021-04-13,3195255993
2021-04-14,3347219745
2021-04-15,4885795364
2021-04-16,3973900468
2021-04-17,975979592
2021-04-18,329833729
2021-04-19,3775824096
2021-04-20,4271510920
2021-04-21,3144157381
2021-04-22,4257090865
2021-04-23,3315496592
2021-04-24,920122161
2021-04-25,571884359
2021-04-26,4086583797
2021-04-27,3469380772
2021-04-28,3551067852
2021-04-29,3714570994
2021-04-30,21763301333
2021-05-01,1761401518
2021-05-02,426382070
2021-05-03,2438139926
2021-05-04,3449365586
2021-05-05,3085108324
2021-05-06,3075476830
2021-05-07,3425177880
2021-05-08,1126337960
2021-05-09,366954815
2021-05-10,3792467097
2021-05-11,3224515196
2021-05-12,3297196128
2021-05-13,3420355280
2021-05-14,3739835458
2021-05-15,2485350554
2021-05-16,427203321
2021-05-17,3543446851
2021-05-18,3594364786
2021-05-19,3131086996
2021-05-20,3906378328
2021-05-21,4061270801
2021-05-22,1069618455
2021-05-23,389050659
2021-05-24,3242545938
2021-05-25,3892061264
2021-05-26,3324955201
2021-05-27,3519267493
2021-05-28,4688333112
2021-05-29,955316881
2021-05-30,731307412
2021-05-31,21295171604
2021-06-01,4710133368
2021-06-02,2741763879
2021-06-03,3344286469
2021-06-04,3776926522
2021-06-05,1157113380
2021-06-06,424567916
2021-06-07,3407786092
2021-06-08,3330483615
2021-06-09,3261248799
2021-06-10,4554995583
2021-06-11,3602940904
2021-06-12,1034332001
2021-06-13,512686613
2021-06-14,3666072063
2021-06-15,5555456086
2021-06-16,3440228798
2021-06-17,3469860211
2021-06-18,3742265567
2021-06-19,1169427945
2021-06-20,841939486
2021-06-21,3906576745
2021-06-22,4234283343
2021-06-23,3351084480
2021-06-24,2707352645
2021-06-25,4017460252
2021-06-26,1091184972
2021-06-27,499169729
2021-06-28,4277912171
2021-06-29,4768942987
2021-06-30,23565985858
2021-07-01,5001985959
2021-07-02,2980286476
2021-07-03,987580286
2021-07-04,658176813
2021-07-05,3591607589
2021-07-06,3170965687
2021-07-07,3520970109
2021-07-08,3646873014
2021-07-09,3743774025
2021-07-10,1466116331
2021-07-11,473915809
2021-07-12,3561296595
2021-07-13,3499020362
2021-07-14,3456574094
2021-07-15,5170073885
2021-07-16,3787094624
2021-07-17,981525608
2021-07-18,437327387
2021-07-19,3702538025
2021-07-20,3793674099
2021-07-21,3410610439
2021-07-22,4033309011
2021-07-23,3913645912
2021-07-24,983670849
2021-07-25,703451759
2021-07-26,4097318920
2021-07-27,3585262491
2021-07-28,3596248555
2021-07-29,4015045069
2021-07-30,7317990059
2021-07-31,16660391272
2021-08-01,1799727286
2021-08-02,3348366382
2021-08-03,3132503156
2021-08-04,3088496992
2021-08-05,3138264056
2021-08-06,3327982169
2021-08-07,937072454
2021-08-08,533624569
2021-08-09,3054781302
2021-08-10,3334779695
2021-08-11,2681373739
2021-08-12,2727740634
2021-08-13,3245832771
2021-08-14,919600560
2021-08-15,1359594594
2021-08-16,2681557670
2021-08-17,2774395007
2021-08-18,2412812173
2021-08-19,2652313539
2021-08-20,3944450768
2021-08-21,898771976
2021-08-22,538185111
2021-08-23,3192015709
2021-08-24,2881474390
2021-08-25,3209665636
2021-08-26,2858652869
2021-08-27,3086440380
2021-08-28,955099549
2021-08-29,478956650
2021-08-30,4602188224
2021-08-31,20760545074
2021-09-01,4568198915
2021-09-02,2654614516
2021-09-03,3115500088
2021-09-04,1133280891
2021-09-05,526366825
2021-09-06,3616339408
2021-09-07,3254059913
2021-09-08,2950226811
2021-09-09,3453048092
2021-09-10,4244473523
2021-09-11,887213461
2021-09-12,469228310
2021-09-13,3720700986
2021-09-14,3542251818
2021-09-15,5305180422
2021-09-16,3409691219
2021-09-17,4296277851
2021-09-18,963700851
2021-09-19,505034558
2021-09-20,4363907612
2021-09-21,3490721388
2021-09-22,4118456838
2021-09-23,3321832587
2021-09-24,3603664172
2021-09-25,1217216938
2021-09-26,524258472
2021-09-27,4337422718
2021-09-28,4904690501
2021-09-29,4475032654
2021-09-30,23969392168
2021-10-01,5237105556
2021-10-02,962102049
2021-10-03,402923873
2021-10-04,3490308399
2021-10-05,3760489122
2021-10-06,3359776369
2021-10-07,3627847722
2021-10-08,4145999202
2021-10-09,1036577380
2021-10-10,833266210
2021-10-11,3655135513
2021-10-12,694754349
2021-10-13,4170871325
2021-10-14,4411501326
2021-10-15,5730723140
2021-10-16,1096841670
2021-10-17,451983571
2021-10-18,4533491580
2021-10-19,4023017624
2021-10-20,4491011875
2021-10-21,3896041221
2021-10-22,4947460116
2021-10-23,1028110085
2021-10-24,508520196
2021-10-25,4980955338
2021-10-26,3915120438
2021-10-27,4260781577
2021-10-28,4419956268
2021-10-29,7902719925
2021-10-30,2398334996
2021-10-31,16791848953
2021-11-01,2105606558
2021-11-02,4020223109
2021-11-03,3287304830
2021-11-04,3610408031
2021-11-05,4144512207
2021-11-06,1149250660
2021-11-07,469577645
2021-11-08,3965148288
2021-11-09,2899949673
2021-11-10,4588172272
2021-11-11,4351191468
2021-11-12,4194529141
2021-11-13,1111243494
2021-11-14,466497361
2021-11-15,6631238586
2021-11-16,4518292327
2021-11-17,3756330879
2021-11-18,3713021643
2021-11-19,4599421635
2021-11-20,1577097192
2021-11-21,530387738
2021-11-22,6311466579
2021-11-23,3992679882
2021-11-24,4519394320
2021-11-25,4536358402
2021-11-26,4838738365
2021-11-27,1278375938
2021-11-28,673756336
2021-11-29,5833975815
2021-11-30,26302354920
2021-12-01,5749891850
2021-12-02,3917265225
2021-12-03,4351289378
2021-12-04,1364396295
2021-12-05,572460641
2021-12-06,783676000
2021-12-07,4162130263
2021-12-08,973040445
2021-12-09,4992196330
2021-12-10,5262293494
2021-12-11,1142413885
2021-12-12,576862468
2021-12-13,5627906269
2021-12-14,5441934465
2021-12-15,7753960447
2021-12-16,5699891466
2021-12-17,5883250117
2021-12-18,1389185412
2021-12-19,774405924
2021-12-20,6562424348
2021-12-21,5631121935
2021-12-22,6852453664
2021-12-23,5224889680
2021-12-24,2250698356
2021-12-25,458910938
2021-12-26,576328386
2021-12-27,5303601446
2021-12-28,4652985926
2021-12-29,4324472497
2021-12-30,7197761519
2021-12-31,21715786909
2022-01-01,2051285339
2022-01-02,601250966
2022-01-03,3490077319
2022-01-04,3054480498
2022-01-05,3085687658
2022-01-06,431272941
2022-01-07,3167259121
2022-01-08,1062105714
2022-01-09,493558895
2022-01-10,4747203026
2022-01-11,3286215569
2022-01-12,3707577974
2022-01-13,4941851837
2022-01-14,4373551300
2022-01-15,2408678210
2022-01-16,565272263
2022-01-17,4396821167
2022-01-18,4096429348
2022-01-19,4232872003
2022-01-20,5103563205
2022-01-21,5063636840
2022-01-22,1118907432
2022-01-23,477961212
2022-01-24,4306379724
2022-01-25,4150899925
2022-01-26,4228412219
2022-01-27,4294360951
2022-01-28,4829224146
2022-01-29,1157660616
2022-01-30,795450310
2022-01-31,25812647428
2022-02-01,5174869597
2022-02-02,3144864549
2022-02-03,3493885321
2022-02-04,3926898305
2022-02-05,1176888940
2022-02-06,437302728
2022-02-07,4175676464
2022-02-08,3612025142
2022-02-09,3562904095
2022-02-10,4664105246
2022-02-11,4669768204
2022-02-12,1029001639
2022-02-13,544243209
2022-02-14,4646860627
2022-02-15,6071404994
2022-02-16,4168523595
2022-02-17,3734931039
2022-02-18,4709940936
2022-02-19,1101766272
2022-02-20,899650450
2022-02-21,4808700895
2022-02-22,4994714998
2022-02-23,3985766666
2022-02-24,4157826106
2022-02-25,4991514599
2022-02-26,1147782337
2022-02-27,575238333
2022-02-28,25718555228
2022-03-01,5262976465
2022-03-02,3473518084
2022-03-03,3707134075
2022-03-04,4305331734
2022-03-05,1189066382
2022-03-06,516132822
2022-03-07,4941476491
2022-03-08,4621904870
2022-03-09,4307489302
2022-03-10,5271036417
2022-03-11,4665043973
2022-03-12,1241250995
2022-03-13,604176836
2022-03-14,4727745877
2022-03-15,6321628904
2022-03-16,3522270106
2022-03-17,3928007128
2022-03-18,3875503178
2022-03-19,1013150966
2022-03-20,882341798
2022-03-21,4522418149
2022-03-22,5472470323
2022-03-23,3558585487
2022-03-24,4093556089
2022-03-25,4260525564
2022-03-26,1062865749
2022-03-27,464168442
2022-03-28,4732718236
2022-03-29,5101669395
2022-03-30,4899465823
2022-03-31,27299611374
2022-04-01,5797677568
2022-04-02,1092550105
2022-04-03,449677589
2022-04-04,4259191004
2022-04-05,4149697030
2022-04-06,4155326348
2022-04-07,4265964257
2022-04-08,5247119458
2022-04-09,1216031399
2022-04-10,957268315
2022-04-11,5169777294
2022-04-12,4366523026
2022-04-13,4675620905
2022-04-14,1711383894
2022-04-15,2184407748
2022-04-16,1013803103
2022-04-17,439360972
2022-04-18,3631791329
2022-04-19,4929304310
2022-04-20,5855896008
2022-04-21,4626565150
2022-04-22,4712379823
2022-04-23,1084978048
2022-04-24,513040036
2022-04-25,6586386625
2022-04-26,4374743563
2022-04-27,4927883453
2022-04-28,6144485674
2022-04-29,7690219126
2022-04-30,21391013313
2022-05-01,2013710215
2022-05-02,2336770736
2022-05-03,4027438059
2022-05-04,3923370127
2022-05-05,4279965324
2022-05-06,4484165088
2022-05-07,1227258055
2022-05-08,588622923
2022-05-09,4563657780
2022-05-10,4656316394
2022-05-11,4236935498
2022-05-12,4972139480
2022-05-13,4701977991
2022-05-14,1126033333
2022-05-15,2256543363
2022-05-16,3584153292
2022-05-17,4591200147
2022-05-18,4179689485
2022-05-19,4248562514
2022-05-20,5838184878
2022-05-21,1163449628
2022-05-22,601426273
2022-05-23,5829308343
2022-05-24,4649557432
2022-05-25,4539927487
2022-05-26,4245014992
2022-05-27,4982471031
2022-05-28,1264663925
2022-05-29,533308465
2022-05-30,6441800589
2022-05-31,27670614781
2022-06-01,5746693490
2022-06-02,3512756503
2022-06-03,4108730838
2022-06-04,1310755709
2022-06-05,590195328
2022-06-06,3851175770
2022-06-07,4426681106
2022-06-08,4364905524
2022-06-09,4755608177
2022-06-10,5376343923
2022-06-11,1216461197
2022-06-12,616254321
2022-06-13,4957868662
2022-06-14,4536070556
2022-06-15,6989434667
2022-06-16,4470806405
2022-06-17,4693793761
2022-06-18,1228816171
2022-06-19,672611259
2022-06-20,5914969666
2022-06-21,4754667081
2022-06-22,5766956844
2022-06-23,4825693410
2022-06-24,3736922343
2022-06-25,1549603796
2022-06-26,732205843
2022-06-27,6078209277
2022-06-28,4994516770
2022-06-29,5384630598
2022-06-30,30910274671
2022-07-01,5989183202
2022-07-02,1134065818
2022-07-03,549366513
2022-07-04,4629023620
2022-07-05,4155111970
2022-07-06,4207030884
2022-07-07,4562232076
2022-07-08,4919066313
2022-07-09,1216811719
2022-07-10,1066918892
2022-07-11,4963858117
2022-07-12,4462797336
2022-07-13,4333521456
2022-07-14,4630432051
2022-07-15,6939999410
2022-07-16,1258160548
2022-07-17,563731011
2022-07-18,5033174214
2022-07-19,4593668132
2022-07-20,5005649242
2022-07-21,4647530799
2022-07-22,6240371748
2022-07-23,1211899224
2022-07-24,608418699
2022-07-25,3385043393
2022-07-26,6061600478
2022-07-27,5225619526
2022-07-28,5875385700
2022-07-29,7471846947
2022-07-30,2364320515
2022-07-31,19643299982
2022-08-01,6235123028
2022-08-02,3510500977
2022-08-03,3743441218
2022-08-04,3890566744
2022-08-05,4510104509
2022-08-06,1106794783
2022-08-07,581788883
2022-08-08,4536596422
2022-08-09,3786406189
2022-08-10,4498704409
2022-08-11,3539352737
2022-08-12,4854577619
2022-08-13,1183325742
2022-08-14,533884756
2022-08-15,1960201707
2022-08-16,4269106416
2022-08-17,3593188728
2022-08-18,4172942842
2022-08-19,3634753417
2022-08-20,1428190604
2022-08-21,544100310
2022-08-22,5478816925
2022-08-23,3649383848
2022-08-24,3922245843
2022-08-25,4166397893
2022-08-26,4202780068
2022-08-27,1054333039
2022-08-28,585404121
2022-08-29,5027515284
2022-08-30,5754342201
2022-08-31,26664892306
2022-09-01,5598679698
2022-09-02,3676436115
2022-09-03,1058012644
2022-09-04,642111934
2022-09-05,4624066996
2022-09-06,3933639471
2022-09-07,4332481856
2022-09-08,3891687802
2022-09-09,4902267423
2022-09-10,1623473795
2022-09-11,539181966
2022-09-12,4859933618
2022-09-13,5127126203
2022-09-14,4154348223
2022-09-15,6925683846
2022-09-16,4739291666
2022-09-17,1183799182
2022-09-18,575775254
2022-09-19,6367324880
2022-09-20,5079226107
2022-09-21,4105590216
2022-09-22,5250632132
2022-09-23,5368269135
2022-09-24,1131456130
2022-09-25,851455982
2022-09-26,5220857334
2022-09-27,4517108059
2022-09-28,4867415849
2022-09-29,5432871723
2022-09-30,29179729502
2022-10-01,3135886859
2022-10-02,444100192
2022-10-03,4341441075
2022-10-04,4022389130
2022-10-05,4427427784
2022-10-06,4192315677
2022-10-07,4654027725
2022-10-08,1288414846
2022-10-09,535275471
2022-10-10,5291280573
2022-10-11,5414877468
2022-10-12,833803229
2022-10-13,4890134996
2022-10-14,5258742550
2022-10-15,2944800674
2022-10-16,510956421
2022-10-17,5190477691
2022-10-18,4697067403
2022-10-19,4171302538
2022-10-20,4881320915
2022-10-21,5645704163
2022-10-22,1281813862
2022-10-23,537146867
2022-10-24,4969359119
2022-10-25,5674324631
2022-10-26,5064047806
2022-10-27,4680047298
2022-10-28,5778032644
2022-10-29,1847443380
2022-10-30,920125017
2022-10-31,26694729499
2022-11-01,2325241572
2022-11-02,4123930528
2022-11-03,3717088415
2022-11-04,4476390504
2022-11-05,1276582158
2022-11-06,476363695
2022-11-07,4808097723
2022-11-08,4264829161
2022-11-09,3215230883
2022-11-10,5322973009
2022-11-11,5579113468
2022-11-12,1363761342
2022-11-13,591121156
2022-11-14,4843251770
2022-11-15,6584149718
2022-11-16,4528934987
2022-11-17,4031924418
2022-11-18,4517212958
2022-11-19,1250669346
2022-11-20,949469331
2022-11-21,5299497185
2022-11-22,4933816048
2022-11-23,4176423882
2022-11-24,4416300787
2022-11-25,5434443471
2022-11-26,1408435216
2022-11-27,647643169
2022-11-28,6124480754
2022-11-29,4971532167
2022-11-30,29289571584
2022-12-01,6620905737
2022-12-02,4189745774
2022-12-03,1191926041
2022-12-04,736183914
2022-12-05,4757772617
2022-12-06,1006022695
2022-12-07,4877293330
2022-12-08,1251988374
2022-12-09,4586038124
2022-12-10,1626097264
2022-12-11,558616130
2022-12-12,5487296806
2022-12-13,5198610406
2022-12-14,5671497922
2022-12-15,7805404546
2022-12-16,5532167588
2022-12-17,1425354148
2022-12-18,652536050
2022-12-19,6098960119
2022-12-20,6612626037
2022-12-21,5849427299
2022-12-22,6787262881
2022-12-23,5460802550
2022-12-24,1089514433
2022-12-25,539751568
2022-12-26,1355610298
2022-12-27,5192421739
2022-12-28,5373317141
2022-12-29,5102407159
2022-12-30,8983548184
2022-12-31,21938149805
2023-01-01,2165885763
2023-01-02,2944218385
2023-01-03,3104789770
2023-01-04,3296318357
2023-01-05,3431943097
2023-01-06,616636651
2023-01-07,1040885514
2023-01-08,641648703
2023-01-09,3871515427
2023-01-10,4346743517
2023-01-11,4030258762
2023-01-12,4109743406
2023-01-13,4598469459
2023-01-14,1156992430
2023-01-15,1871532051
2023-01-16,4555176959
2023-01-17,3896417169
2023-01-18,3914838772
2023-01-19,4437256999
2023-01-20,6058569144
2023-01-21,1173969901
2023-01-22,567630659
2023-01-23,4564885912
2023-01-24,4107853777
2023-01-25,4929708373
2023-01-26,4117867285
2023-01-27,4377065678
2023-01-28,1214376194
2023-01-29,528501897
2023-01-30,5682684213
2023-01-31,26925035454
2023-02-01,5542062303
2023-02-02,3460519400
2023-02-03,3839116210
2023-02-04,1196857876
2023-02-05,574915437
2023-02-06,4362829898
2023-02-07,4349474872
2023-02-08,3882208639
2023-02-09,4239753332
2023-02-10,5008576513
2023-02-11,1145580303
2023-02-12,553815412
2023-02-13,4817600500
2023-02-14,4037154798
2023-02-15,6514155808
2023-02-16,4101098512
2023-02-17,4800678350
2023-02-18,1075785695
2023-02-19,607808805
2023-02-20,5176079147
2023-02-21,4219445577
2023-02-22,5241142946
2023-02-23,4355120804
2023-02-24,5317826471
2023-02-25,1476948070
2023-02-26,509390927
2023-02-27,5906884422
2023-02-28,26520493407
2023-03-01,5533349734
2023-03-02,3735673021
2023-03-03,4049783919
2023-03-04,1199529417
2023-03-05,560144705
2023-03-06,4673834941
2023-03-07,4248461377
2023-03-08,4140643858
2023-03-09,4106926195
2023-03-10,6029396966
2023-03-11,1168615135
2023-03-12,522900181
2023-03-13,4519970442
2023-03-14,4449078558
2023-03-15,6670308406
2023-03-16,4069178754
2023-03-17,4538358870
2023-03-18,1139749909
2023-03-19,556462258
2023-03-20,3889645496
2023-03-21,5011143682
2023-03-22,4158406482
2023-03-23,5847823524
2023-03-24,4906660594
2023-03-25,1483924229
2023-03-26,585741289
2023-03-27,4693944829
2023-03-28,4701376723
2023-03-29,5007510492
2023-03-30,6191229420
2023-03-31,29438110140
2023-04-01,3283380773
2023-04-02,397654302
2023-04-03,4228222612
2023-04-04,3854757235
2023-04-05,4071313177
2023-04-06,1836954074
2023-04-07,766582046
2023-04-08,1179209323
2023-04-09,508907009
2023-04-10,3651350497
2023-04-11,4346026820
2023-04-12,4281474056
2023-04-13,4554104570
2023-04-14,4812694538
2023-04-15,2842224958
2023-04-16,520609409
2023-04-17,4618618519
2023-04-18,4190801830
2023-04-19,4734281426
2023-04-20,5412387437
2023-04-21,5597901406
2023-04-22,1269328004
2023-04-23,573903363
2023-04-24,5128129479
2023-04-25,5435937388
2023-04-26,4876445667
2023-04-27,5863193872
2023-04-28,8033917434
2023-04-29,1785661088
2023-04-30,19631314949
2023-05-01,2492876247
2023-05-02,3204413917
2023-05-03,4394396126
2023-05-04,4020210882
2023-05-05,4665125182
2023-05-06,1277563708
2023-05-07,654240384
2023-05-08,4599849937
2023-05-09,4388579345
2023-05-10,4762476853
2023-05-11,4354815389
2023-05-12,4667898986
2023-05-13,1219859753
2023-05-14,561138128
2023-05-15,5698086024
2023-05-16,4602520609
2023-05-17,4245351653
2023-05-18,3960644600
2023-05-19,4807466371
2023-05-20,1793781440
2023-05-21,543074657
2023-05-22,5416674863
2023-05-23,4367664037
2023-05-24,4435757610
2023-05-25,4683467430
2023-05-26,4603974787
2023-05-27,1226626948
2023-05-28,590291404
2023-05-29,4684541984
2023-05-30,5405477273
2023-05-31,27643184164
2023-06-01,5763303541
2023-06-02,3790236103
2023-06-03,1152818428
2023-06-04,570012767
2023-06-05,4063023549
2023-06-06,4064870502
2023-06-07,4263869435
2023-06-08,4152270087
2023-06-09,4348556142
2023-06-10,1753955934
2023-06-11,563626915
2023-06-12,4658667181
2023-06-13,4529777262
2023-06-14,4623082446
2023-06-15,6486448349
2023-06-16,4570317216
2023-06-17,1254887703
2023-06-18,551614630
2023-06-19,4718421945
2023-06-20,5434743444
2023-06-21,4736778400
2023-06-22,5260289898
2023-06-23,4872015454
2023-06-24,1112370610
2023-06-25,944953164
2023-06-26,5085486973
2023-06-27,4878317651
2023-06-28,5450917380
2023-06-29,5425784376
2023-06-30,29450550288
2023-07-01,3316960936
2023-07-02,620397690
2023-07-03,4473209318
2023-07-04,3944181899
2023-07-05,4340666784
2023-07-06,4317234174
2023-07-07,4498256099
2023-07-08,1372515994
2023-07-09,647626759
2023-07-10,5224334932
2023-07-11,4617958349
2023-07-12,4199781301
2023-07-13,4675746604
2023-07-14,4886735398
2023-07-15,3177217370
2023-07-16,648954873
2023-07-17,4687831940
2023-07-18,4415722510
2023-07-19,4408195805
2023-07-20,5056310521
2023-07-21,5743720085
2023-07-22,1260878280
2023-07-23,708577397
2023-07-24,5047228189
2023-07-25,4549085985
2023-07-26,4437497316
2023-07-27,5393586226
2023-07-28,5811886933
2023-07-29,1261974900
2023-07-30,979116180
2023-07-31,26927681154
2023-08-01,6121218144
2023-08-02,3791586557
2023-08-03,3590801051
2023-08-04,4068962050
2023-08-05,1265347610
2023-08-06,581864993
2023-08-07,4448257910
2023-08-08,3486757211
2023-08-09,3812271204
2023-08-10,4209149141
2023-08-11,3977971878
2023-08-12,1127361651
2023-08-13,621384470
2023-08-14,3475570239
2023-08-15,1812586873
2023-08-16,3424902334
2023-08-17,3054956820
2023-08-18,3340479546
2023-08-19,1132227973
2023-08-20,946951683
2023-08-21,4288188849
2023-08-22,3999364060
2023-08-23,3856735799
2023-08-24,3480188929
2023-08-25,4229134143
2023-08-26,1110909230
2023-08-27,580209937
2023-08-28,4674976099
2023-08-29,4296971072
2023-08-30,4820184214
2023-08-31,25661622127
2023-09-01,5616696214
2023-09-02,1056031120
2023-09-03,468572331
2023-09-04,4028096135
2023-09-05,3965499278
2023-09-06,3779905173
2023-09-07,4019643955
2023-09-08,3874685469
2023-09-09,1262482585
2023-09-10,975681458
2023-09-11,3732532522
2023-09-12,4343365662
2023-09-13,4596750773
2023-09-14,4288237532
2023-09-15,6654067569
2023-09-16,1188589245
2023-09-17,540957917
2023-09-18,4360066666
2023-09-19,4598338094
2023-09-20,5332278662
2023-09-21,4207155841
2023-09-22,5259941891
2023-09-23,1195585124
2023-09-24,645730704
2023-09-25,5019573715
2023-09-26,4744405661
2023-09-27,4579978414
2023-09-28,5693932327
2023-09-29,8144962494
2023-09-30,22184204536
2023-10-01,2549152056
2023-10-02,4297491817
2023-10-03,3607391169
2023-10-04,3821364692
2023-10-05,4370568193
2023-10-06,4616968117
2023-10-07,1325848642
2023-10-08,603142255
2023-10-09,4285486544
2023-10-10,5130689995
2023-10-11,4611094318
2023-10-12,844125261
2023-10-13,4335479649
2023-10-14,1148644632
2023-10-15,2196809476
2023-10-16,4939916378
2023-10-17,4696393923
2023-10-18,4062578945
2023-10-19,4882261334
2023-10-20,6378069807
2023-10-21,1237200825
2023-10-22,653753001
2023-10-23,4916174577
2023-10-24,4090346539
2023-10-25,5019697018
2023-10-26,4423693876
2023-10-27,5253873624
2023-10-28,1309930821
2023-10-29,545864916
2023-10-30,6013691127
2023-10-31,28019630057
2023-11-01,2575789848
2023-11-02,4303570512
2023-11-03,3893026663
2023-11-04,1315490275
2023-11-05,567643121
2023-11-06,4156934229
2023-11-07,4127969830
2023-11-08,4160402851
2023-11-09,3321723684
2023-11-10,5258639563
2023-11-11,1182572054
2023-11-12,541336941
2023-11-13,4578826738
2023-11-14,4301407646
2023-11-15,7098545885
2023-11-16,4356203979
2023-11-17,4784704245
2023-11-18,1190946874
2023-11-19,617770192
2023-11-20,5670357137
2023-11-21,4719378882
2023-11-22,5159151797
2023-11-23,4585704350
2023-11-24,4931322866
2023-11-25,1686211295
2023-11-26,723906238
2023-11-27,5468271995
2023-11-28,5170605832
2023-11-29,5268035460
2023-11-30,29133888846
2023-12-01,6765764921
2023-12-02,1207014911
2023-12-03,514292767
2023-12-04,4699192966
2023-12-05,4864943531
2023-12-06,959725763
2023-12-07,4169095712
2023-12-08,1111323631
2023-12-09,1214653516
2023-12-10,958168538
2023-12-11,5545208752
2023-12-12,4949266985
2023-12-13,5751550964
2023-12-14,5613942346
2023-12-15,8187491248
2023-12-16,1419810996
2023-12-17,702281032
2023-12-18,5952436867
2023-12-19,6182466327
2023-12-20,7334123014
2023-12-21,6755908264
2023-12-22,6951097035
2023-12-23,1625972074
2023-12-24,692863236
2023-12-25,577588019
2023-12-26,4464401558
2023-12-27,5193415119
2023-12-28,6574025294
2023-12-29,7296471077
2023-12-30,2756031043
2023-12-31,20360070649
2024-01-01,2453129102
2024-01-02,3839822669
2024-01-03,3184365699
2024-01-04,3341585828
2024-01-05,3695882806
2024-01-06,411818143
2024-01-07,702557677
2024-01-08,3927281827
2024-01-09,3662651485
2024-01-10,4443175002
2024-01-11,3741483668
2024-01-12,4493176129
2024-01-13,1295291585
2024-01-14,510554057
2024-01-15,6675737228
2024-01-16,4458762607
2024-01-17,3892285691
2024-01-18,3955702644
2024-01-19,4464731279
2024-01-20,1733208381
2024-01-21,506246483
2024-01-22,5106110989
2024-01-23,4452245384
2024-01-24,4166540942
2024-01-25,4573257040
2024-01-26,4505157223
2024-01-27,1149293292
2024-01-28,511246411
2024-01-29,4498340679
2024-01-30,5145681868
2024-01-31,26565202654
2024-02-01,5609257132
2024-02-02,3681861017
2024-02-03,1100463055
2024-02-04,536026212
2024-02-05,4229085869
2024-02-06,3906081826
2024-02-07,3953339036
2024-02-08,3872819481
2024-02-09,4305943740
2024-02-10,1733081689
2024-02-11,487194792
2024-02-12,4372669145
2024-02-13,4009065751
2024-02-14,4023117913
2024-02-15,6664739165
2024-02-16,4350185676
2024-02-17,1076996520
2024-02-18,505148187
2024-02-19,4724260334
2024-02-20,5230805625
2024-02-21,3988720309
2024-02-22,4907827287
2024-02-23,4514011147
2024-02-24,1128359398
2024-02-25,820249719
2024-02-26,4748487362
2024-02-27,4734608997
2024-02-28,4724562697
2024-02-29,27261938616
2024-03-01,5908421969
2024-03-02,1203153305
2024-03-03,409372175
2024-03-04,4016071247
2024-03-05,3996819908
2024-03-06,4064092353
2024-03-07,3990099797
2024-03-08,4619253757
2024-03-09,1174131081
2024-03-10,970484910
2024-03-11,4488454248
2024-03-12,4195544259
2024-03-13,4598802173
2024-03-14,4425842793
2024-03-15,6910327359
2024-03-16,1212379711
2024-03-17,501123830
2024-03-18,4800921367
2024-03-19,4604317894
2024-03-20,5889500635
2024-03-21,4892349245
2024-03-22,5823678073
2024-03-23,1306659367
2024-03-24,581972625
2024-03-25,5651368792
2024-03-26,5345706210
2024-03-27,6238760401
2024-03-28,2983599938
2024-03-29,1094991841
2024-03-30,2122273116
2024-03-31,19760514988
2024-04-01,4805842296
2024-04-02,3800875096
2024-04-03,3784211775
2024-04-04,4098914574
2024-04-05,4529110896
2024-04-06,1254357917
2024-04-07,641396793
2024-04-08,4500420683
2024-04-09,4107205429
2024-04-10,4728555121
2024-04-11,3999179894
2024-04-12,4666147814
2024-04-13,1244008980
2024-04-14,584887073
2024-04-15,6854455203
2024-04-16,4195333459
2024-04-17,3880113578
2024-04-18,4475662429
2024-04-19,4700487130
2024-04-20,1840640016
2024-04-21,561693767
2024-04-22,5427566026
2024-04-23,4232135584
2024-04-24,4411975295
2024-04-25,4944380347
2024-04-26,5165595109
2024-04-27,1242118189
2024-04-28,575282961
2024-04-29,5979870590
2024-04-30,28598934919
2024-05-01,2582374011
2024-05-02,3344907677
2024-05-03,3936892428
2024-05-04,1293316364
2024-05-05,672384644
2024-05-06,4218440331
2024-05-07,4135283299
2024-05-08,4328164183
2024-05-09,4154213693
2024-05-10,5112707654
2024-05-11,1211538558
2024-05-12,592603246
2024-05-13,4628961593
2024-05-14,4371386474
2024-05-15,5658025777
2024-05-16,4450160202
2024-05-17,4299671537
2024-05-18,1206862533
2024-05-19,649506024
2024-05-20,5187921659
2024-05-21,4356739079
2024-05-22,5097549037
2024-05-23,4210581594
2024-05-24,5182756591
2024-05-25,1583395797
2024-05-26,595993685
2024-05-27,4870616597
2024-05-28,4847487971
2024-05-29,4980603221
2024-05-30,5321374025
2024-05-31,28537306356
2024-06-01,3147479464
2024-06-02,509598756
2024-06-03,4382680069
2024-06-04,3982634658
2024-06-05,4167600998
2024-06-06,4415639662
2024-06-07,4709911314
2024-06-08,1415416073
2024-06-09,586626202
2024-06-10,5704542511
2024-06-11,4191707039
2024-06-12,4649219444
2024-06-13,4913174807
2024-06-14,5160756131
2024-06-15,3277340903
2024-06-16,617002091
2024-06-17,4894589039
2024-06-18,4486741492
2024-06-19,4774038241
2024-06-20,5333166330
2024-06-21,5622076961
2024-06-22,1384407854
2024-06-23,667421808
2024-06-24,4355216061
2024-06-25,5755841390
2024-06-26,5273199689
2024-06-27,5847619937
2024-06-28,8930830436
2024-06-29,2012568636
2024-06-30,21621034680
2024-07-01,6994229232
2024-07-02,3907391628
2024-07-03,4015224918
2024-07-04,4238242533
2024-07-05,4886208579
2024-07-06,1363478495
2024-07-07,778805074
2024-07-08,4841163499
2024-07-09,4426991977
2024-07-10,5075880717
2024-07-11,4731152645
2024-07-12,5081688963
2024-07-13,1329516415
2024-07-14,646775415
2024-07-15,7091518502
2024-07-16,4335149058
2024-07-17,4512535096
2024-07-18,4197535907
2024-07-19,4678873463
2024-07-20,1882187750
2024-07-21,682505034
2024-07-22,5743038739
2024-07-23,4863150472
2024-07-24,4738121727
2024-07-25,3516111331
2024-07-26,4992205112
2024-07-27,1300221888
2024-07-28,688203645
2024-07-29,5557888432
2024-07-30,6016818577
2024-07-31,28535585236
2024-08-01,6617142332
2024-08-02,3884882480
2024-08-03,1160320997
2024-08-04,702532004
2024-08-05,4289277939
2024-08-06,3806615320
2024-08-07,3935932892
2024-08-08,3842011115
2024-08-09,4490475651
2024-08-10,1715309457
2024-08-11,643302582
2024-08-12,3897210080
2024-08-13,3809175420
2024-08-14,3660277000
2024-08-15,1958002850
2024-08-16,3450667862
2024-08-17,1096941348
2024-08-18,614099784
2024-08-19,3850680241
2024-08-20,4349456714
2024-08-21,3397681704
2024-08-22,4298437576
2024-08-23,3926937960
2024-08-24,1129647778
2024-08-25,914024931
2024-08-26,4490724882
2024-08-27,4201345388
2024-08-28,4298865724
2024-08-29,5011841609
2024-08-30,7455267223
2024-08-31,20246546389
2024-09-01,2417409592
2024-09-02,4192855748
2024-09-03,3556558754
2024-09-04,3724079137
2024-09-05,4142166463
2024-09-06,4330235097
2024-09-07,1290787470
2024-09-08,612436462
2024-09-09,4594714596
2024-09-10,5176955631
2024-09-11,3523926257
2024-09-12,4354771828
2024-09-13,4698355192
2024-09-14,1258607491
2024-09-15,2184494524
2024-09-16,4820173769
2024-09-17,4348058152
